{
  "bytes": 117,
  "count_of_rows": 4,
  "hash": "40ab6355b6b8c80ce1cd7816d2e10949",
  "meta": {
    "MEA": "2540",
    "age": 11,
    "date": "180328"
  },
  "profile": "data-package",
  "resources": [
    {
      "bytes": 52,
      "dialect": {
        "caseSensitiveHeader": false,
        "delimiter": ",",
        "doubleQuote": true,
        "header": true,
        "lineTerminator": "\r\n",
        "quoteChar": "\"",
        "skipInitialSpace": false
      },
      "encoding": "utf-8",
      "format": "csv",
      "hash": "362971d927653d4793ff58f482a798bb",
      "name": "spikes",
      "path": "res_1.csv",
      "profile": "tabular-data-resource",
      "schema": {
        "fields": [
          {
            "decimalChar": ".",
            "format": "default",
            "groupChar": "",
            "name": "time",
            "type": "number"
          },
          {
            "format": "default",
            "name": "spike-train-index",
            "type": "integer"
          }
        ],
        "foreignKeys": [
          {
            "fields": "spike-train-index",
            "reference": {
              "fields": "spike-train-index",
              "resource": "spike-trains"
            }
          }
        ],
        "missingValues": [
          ""
        ]
      }
    },
    {
      "bytes": 65,
      "dialect": {
        "caseSensitiveHeader": false,
        "delimiter": ",",
        "doubleQuote": true,
        "header": true,
        "lineTerminator": "\r\n",
        "quoteChar": "\"",
        "skipInitialSpace": false
      },
      "encoding": "utf-8",
      "format": "csv",
      "hash": "ac9e22d483fb84eede3abd5bb4c99f84",
      "name": "spike-trains",
      "path": "res_2.csv",
      "profile": "tabular-data-resource",
      "schema": {
        "fields": [
          {
            "format": "default",
            "name": "spike-train-index",
            "type": "integer"
          },
          {
            "format": "default",
            "name": "name",
            "type": "string"
          },
          {
            "format": "default",
            "name": "epos-x",
            "type": "any"
          },
          {
            "format": "default",
            "name": "epos-y",
            "type": "any"
          },
          {
            "format": "default",
            "name": "sCount",
            "type": "any"
          }
        ],
        "missingValues": [
          ""
        ]
      }
    }
  ]
}