{
  "bytes": 594,
  "count_of_rows": 42,
  "hash": "22a581884d08a81935ed9dc84740d2c8",
  "meta": {
    "MEA": "2539",
    "age": 20,
    "date": "180406"
  },
  "profile": "data-package",
  "resources": [
    {
      "bytes": 528,
      "dialect": {
        "caseSensitiveHeader": false,
        "delimiter": ",",
        "doubleQuote": true,
        "header": true,
        "lineTerminator": "\r\n",
        "quoteChar": "\"",
        "skipInitialSpace": false
      },
      "encoding": "utf-8",
      "format": "csv",
      "hash": "3f8d0bda5226bec4bffcb963ed321d3b",
      "name": "spikes",
      "path": "res_1.csv",
      "profile": "tabular-data-resource",
      "schema": {
        "fields": [
          {
            "decimalChar": ".",
            "format": "default",
            "groupChar": "",
            "name": "time",
            "type": "number"
          },
          {
            "format": "default",
            "name": "spike-train-index",
            "type": "integer"
          }
        ],
        "foreignKeys": [
          {
            "fields": "spike-train-index",
            "reference": {
              "fields": "spike-train-index",
              "resource": "spike-trains"
            }
          }
        ],
        "missingValues": [
          ""
        ]
      }
    },
    {
      "bytes": 66,
      "dialect": {
        "caseSensitiveHeader": false,
        "delimiter": ",",
        "doubleQuote": true,
        "header": true,
        "lineTerminator": "\r\n",
        "quoteChar": "\"",
        "skipInitialSpace": false
      },
      "encoding": "utf-8",
      "format": "csv",
      "hash": "182381a0e19480c9d532b5f5d2af4eb3",
      "name": "spike-trains",
      "path": "res_2.csv",
      "profile": "tabular-data-resource",
      "schema": {
        "fields": [
          {
            "format": "default",
            "name": "spike-train-index",
            "type": "integer"
          },
          {
            "format": "default",
            "name": "name",
            "type": "string"
          },
          {
            "format": "default",
            "name": "epos-x",
            "type": "any"
          },
          {
            "format": "default",
            "name": "epos-y",
            "type": "any"
          },
          {
            "format": "default",
            "name": "sCount",
            "type": "any"
          }
        ],
        "missingValues": [
          ""
        ]
      }
    }
  ]
}