{
    "profile": "tabular-data-package",
    "version": "0.1.0",
    "resources": [
        {
            "profile": "tabular-data-resource",
            "name": "spikes",
            "path": "data\\spikes.csv",
            "description": "List of spikes",
            "format": "csv",
            "mediatype": "text/csv",
            "schema": {
                "fields": [
                    {
                        "name": "time",
                        "title": "Time of spike",
                        "format": "number",
                        "type": "string"
                    },
                    {
                        "name": "spike-train-index",
                        "title": "Index of assigned spike train",
                        "format": "integer",
                        "type": "string"
                    }
                ],
                "foreignKeys": [
                    {
                        "fields": "spike-train-index",
                        "reference": {
                            "resource": "spike-trains",
                            "fields": "spike-train-index"
                        }
                    }
                ],
                "missingValues": [
                    ""
                ]
            }
        },
        {
            "profile": "tabular-data-resource",
            "name": "spike-trains",
            "path": "data\\spike-trains.csv",
            "description": "List of spike trains",
            "format": "csv",
            "mediatype": "text/csv",
            "schema": {
                "fields": [
                    {
                        "name": "spike-train-index",
                        "title": "Index of spike train",
                        "format": "integer",
                        "type": "string"
                    },
                    {
                        "name": "name",
                        "title": "Name assigned to spike train",
                        "format": "string",
                        "type": "string"
                    },
                    {
                        "name": "epos-x",
                        "title": "X coordinate of recording electrode in MEA",
                        "format": "number",
                        "type": "string"
                    },
                    {
                        "name": "epos-y",
                        "title": "X coordinate of recording electrode in MEA",
                        "format": "number",
                        "type": "string"
                    },
                    {
                        "name": "sCount",
                        "title": "Number of spikes in spike train",
                        "format": "integer",
                        "type": "string"
                    }
                ],
                "missingValues": [
                    ""
                ]
            }
        }
    ],
    "MEA": "2540",
    "age": 32,
    "date": "180418"
}