{
    "resources": [
        {
            "description": "List of spikes",
            "format": "csv",
            "name": "spikes",
            "schema": {
                "missingValues": [
                    ""
                ],
                "foreignKeys": [
                    {
                        "reference": {
                            "resource": "spike-trains",
                            "fields": "spike-train-index"
                        },
                        "fields": "spike-train-index"
                    }
                ],
                "fields": [
                    {
                        "format": "number",
                        "name": "time",
                        "title": "Time of spike",
                        "type": "string"
                    },
                    {
                        "format": "integer",
                        "name": "spike-train-index",
                        "title": "Index of assigned spike train",
                        "type": "string"
                    }
                ]
            },
            "profile": "tabular-data-resource",
            "mediatype": "text/csv",
            "path": "data/spikes.csv"
        },
        {
            "description": "List of spike trains",
            "format": "csv",
            "name": "spike-trains",
            "schema": {
                "missingValues": [
                    ""
                ],
                "fields": [
                    {
                        "format": "integer",
                        "name": "spike-train-index",
                        "title": "Index of spike train",
                        "type": "string"
                    },
                    {
                        "format": "string",
                        "name": "name",
                        "title": "Name assigned to spike train",
                        "type": "string"
                    },
                    {
                        "format": "number",
                        "name": "epos-x",
                        "title": "X coordinate of recording electrode in MEA",
                        "type": "string"
                    },
                    {
                        "format": "number",
                        "name": "epos-y",
                        "title": "X coordinate of recording electrode in MEA",
                        "type": "string"
                    },
                    {
                        "format": "integer",
                        "name": "sCount",
                        "title": "Number of spikes in spike train",
                        "type": "string"
                    }
                ]
            },
            "profile": "tabular-data-resource",
            "mediatype": "text/csv",
            "path": "data/spike-trains.csv"
        }
    ],
    "meta": {
        "MEA": "2540",
        "date": "180330",
        "age": 13
    },
    "profile": "tabular-data-package",
    "version": "0.1.0"
}