{
  "bytes": 10394,
  "count_of_rows": 807,
  "hash": "f401ed574ac76336c30117ff2ae6b4dd",
  "meta": {
    "MEA": "2539",
    "age": 30,
    "date": "180416"
  },
  "profile": "data-package",
  "resources": [
    {
      "bytes": 10183,
      "dialect": {
        "caseSensitiveHeader": false,
        "delimiter": ",",
        "doubleQuote": true,
        "header": true,
        "lineTerminator": "\r\n",
        "quoteChar": "\"",
        "skipInitialSpace": false
      },
      "encoding": "utf-8",
      "format": "csv",
      "hash": "4e4b3dbac7d38e0f8beb85f068f57acd",
      "name": "spikes",
      "path": "res_1.csv",
      "profile": "tabular-data-resource",
      "schema": {
        "fields": [
          {
            "decimalChar": ".",
            "format": "default",
            "groupChar": "",
            "name": "time",
            "type": "number"
          },
          {
            "format": "default",
            "name": "spike-train-index",
            "type": "integer"
          }
        ],
        "foreignKeys": [
          {
            "fields": "spike-train-index",
            "reference": {
              "fields": "spike-train-index",
              "resource": "spike-trains"
            }
          }
        ],
        "missingValues": [
          ""
        ]
      }
    },
    {
      "bytes": 211,
      "dialect": {
        "caseSensitiveHeader": false,
        "delimiter": ",",
        "doubleQuote": true,
        "header": true,
        "lineTerminator": "\r\n",
        "quoteChar": "\"",
        "skipInitialSpace": false
      },
      "encoding": "utf-8",
      "format": "csv",
      "hash": "111a2b2f4d21c863116c45c8dec32738",
      "name": "spike-trains",
      "path": "res_2.csv",
      "profile": "tabular-data-resource",
      "schema": {
        "fields": [
          {
            "format": "default",
            "name": "spike-train-index",
            "type": "integer"
          },
          {
            "format": "default",
            "name": "name",
            "type": "string"
          },
          {
            "format": "default",
            "name": "epos-x",
            "type": "any"
          },
          {
            "format": "default",
            "name": "epos-y",
            "type": "any"
          },
          {
            "format": "default",
            "name": "sCount",
            "type": "any"
          }
        ],
        "missingValues": [
          ""
        ]
      }
    }
  ]
}