{
  "bytes": 5352,
  "count_of_rows": 112,
  "hash": "eddc2d52d7fc7b601a0df9afe26bacf3",
  "profile": "data-package",
  "resources": [
    {
      "bytes": 2583,
      "dialect": {
        "caseSensitiveHeader": false,
        "delimiter": ",",
        "doubleQuote": true,
        "header": true,
        "lineTerminator": "\r\n",
        "quoteChar": "\"",
        "skipInitialSpace": false
      },
      "encoding": "utf-8",
      "format": "csv",
      "hash": "b2a59797601f9107fdaaa108b3f592d7",
      "name": "sttc",
      "path": "res_1.csv",
      "profile": "tabular-data-resource",
      "schema": {
        "fields": [
          {
            "format": "default",
            "name": "age",
            "type": "integer"
          },
          {
            "format": "default",
            "name": "replicate",
            "type": "string"
          },
          {
            "decimalChar": ".",
            "format": "default",
            "groupChar": "",
            "name": "sttc",
            "type": "number"
          },
          {
            "decimalChar": ".",
            "format": "default",
            "groupChar": "",
            "name": "sd",
            "type": "number"
          }
        ],
        "missingValues": [
          ""
        ]
      }
    },
    {
      "bytes": 2769,
      "dialect": {
        "caseSensitiveHeader": false,
        "delimiter": ",",
        "doubleQuote": true,
        "header": true,
        "lineTerminator": "\r\n",
        "quoteChar": "\"",
        "skipInitialSpace": false
      },
      "encoding": "utf-8",
      "format": "csv",
      "hash": "ed44dc9f8d866f99d33d79b07ae25101",
      "name": "surrogate-sttc",
      "path": "res_2.csv",
      "profile": "tabular-data-resource",
      "schema": {
        "fields": [
          {
            "format": "default",
            "name": "age",
            "type": "integer"
          },
          {
            "format": "default",
            "name": "replicate",
            "type": "string"
          },
          {
            "decimalChar": ".",
            "format": "default",
            "groupChar": "",
            "name": "sttc",
            "type": "number"
          },
          {
            "decimalChar": ".",
            "format": "default",
            "groupChar": "",
            "name": "sd",
            "type": "number"
          }
        ],
        "missingValues": [
          ""
        ]
      }
    }
  ]
}