{
  "bytes": 5357,
  "count_of_rows": 112,
  "hash": "95f606c39c8198ead9e8e50c2537e5b8",
  "profile": "data-package",
  "resources": [
    {
      "bytes": 2583,
      "dialect": {
        "caseSensitiveHeader": false,
        "delimiter": ",",
        "doubleQuote": true,
        "header": true,
        "lineTerminator": "\r\n",
        "quoteChar": "\"",
        "skipInitialSpace": false
      },
      "encoding": "utf-8",
      "format": "csv",
      "hash": "942e00237d352bad6fea1d621e884655",
      "name": "sttc",
      "path": "res_1.csv",
      "profile": "tabular-data-resource",
      "schema": {
        "fields": [
          {
            "format": "default",
            "name": "age",
            "type": "integer"
          },
          {
            "format": "default",
            "name": "replicate",
            "type": "string"
          },
          {
            "decimalChar": ".",
            "format": "default",
            "groupChar": "",
            "name": "sttc",
            "type": "number"
          },
          {
            "decimalChar": ".",
            "format": "default",
            "groupChar": "",
            "name": "sd",
            "type": "number"
          }
        ],
        "missingValues": [
          ""
        ]
      }
    },
    {
      "bytes": 2774,
      "dialect": {
        "caseSensitiveHeader": false,
        "delimiter": ",",
        "doubleQuote": true,
        "header": true,
        "lineTerminator": "\r\n",
        "quoteChar": "\"",
        "skipInitialSpace": false
      },
      "encoding": "utf-8",
      "format": "csv",
      "hash": "2139a7b6bebc7387ebe1312049ae1234",
      "name": "surrogate-sttc",
      "path": "res_2.csv",
      "profile": "tabular-data-resource",
      "schema": {
        "fields": [
          {
            "format": "default",
            "name": "age",
            "type": "integer"
          },
          {
            "format": "default",
            "name": "replicate",
            "type": "string"
          },
          {
            "decimalChar": ".",
            "format": "default",
            "groupChar": "",
            "name": "sttc",
            "type": "number"
          },
          {
            "decimalChar": ".",
            "format": "default",
            "groupChar": "",
            "name": "sd",
            "type": "number"
          }
        ],
        "missingValues": [
          ""
        ]
      }
    }
  ]
}