{
  "bytes": 7706,
  "count_of_rows": 585,
  "hash": "b881380b26bbe2d7029003695e87f45d",
  "meta": {
    "MEA": "2540",
    "age": 41,
    "date": "180427"
  },
  "profile": "data-package",
  "resources": [
    {
      "bytes": 7394,
      "dialect": {
        "caseSensitiveHeader": false,
        "delimiter": ",",
        "doubleQuote": true,
        "header": true,
        "lineTerminator": "\r\n",
        "quoteChar": "\"",
        "skipInitialSpace": false
      },
      "encoding": "utf-8",
      "format": "csv",
      "hash": "8026d6cc1fda5a2a6d5ca8caac28f669",
      "name": "spikes",
      "path": "res_1.csv",
      "profile": "tabular-data-resource",
      "schema": {
        "fields": [
          {
            "decimalChar": ".",
            "format": "default",
            "groupChar": "",
            "name": "time",
            "type": "number"
          },
          {
            "format": "default",
            "name": "spike-train-index",
            "type": "integer"
          }
        ],
        "foreignKeys": [
          {
            "fields": "spike-train-index",
            "reference": {
              "fields": "spike-train-index",
              "resource": "spike-trains"
            }
          }
        ],
        "missingValues": [
          ""
        ]
      }
    },
    {
      "bytes": 312,
      "dialect": {
        "caseSensitiveHeader": false,
        "delimiter": ",",
        "doubleQuote": true,
        "header": true,
        "lineTerminator": "\r\n",
        "quoteChar": "\"",
        "skipInitialSpace": false
      },
      "encoding": "utf-8",
      "format": "csv",
      "hash": "f49e106473f463f6f5253bed4430c2a9",
      "name": "spike-trains",
      "path": "res_2.csv",
      "profile": "tabular-data-resource",
      "schema": {
        "fields": [
          {
            "format": "default",
            "name": "spike-train-index",
            "type": "integer"
          },
          {
            "format": "default",
            "name": "name",
            "type": "string"
          },
          {
            "format": "default",
            "name": "epos-x",
            "type": "any"
          },
          {
            "format": "default",
            "name": "epos-y",
            "type": "any"
          },
          {
            "format": "default",
            "name": "sCount",
            "type": "any"
          }
        ],
        "missingValues": [
          ""
        ]
      }
    }
  ]
}