{
  "bytes": 1113,
  "count_of_rows": 83,
  "hash": "f8f6555e01c7f377074a49f7cdbae468",
  "meta": {
    "MEA": "2539",
    "age": 23,
    "date": "180409"
  },
  "profile": "data-package",
  "resources": [
    {
      "bytes": 1026,
      "dialect": {
        "caseSensitiveHeader": false,
        "delimiter": ",",
        "doubleQuote": true,
        "header": true,
        "lineTerminator": "\r\n",
        "quoteChar": "\"",
        "skipInitialSpace": false
      },
      "encoding": "utf-8",
      "format": "csv",
      "hash": "fdddd2ba55c1e5a6d4a422f5d8133255",
      "name": "spikes",
      "path": "res_1.csv",
      "profile": "tabular-data-resource",
      "schema": {
        "fields": [
          {
            "decimalChar": ".",
            "format": "default",
            "groupChar": "",
            "name": "time",
            "type": "number"
          },
          {
            "format": "default",
            "name": "spike-train-index",
            "type": "integer"
          }
        ],
        "foreignKeys": [
          {
            "fields": "spike-train-index",
            "reference": {
              "fields": "spike-train-index",
              "resource": "spike-trains"
            }
          }
        ],
        "missingValues": [
          ""
        ]
      }
    },
    {
      "bytes": 87,
      "dialect": {
        "caseSensitiveHeader": false,
        "delimiter": ",",
        "doubleQuote": true,
        "header": true,
        "lineTerminator": "\r\n",
        "quoteChar": "\"",
        "skipInitialSpace": false
      },
      "encoding": "utf-8",
      "format": "csv",
      "hash": "07fdd35dadb5227a6095b9b730ebb352",
      "name": "spike-trains",
      "path": "res_2.csv",
      "profile": "tabular-data-resource",
      "schema": {
        "fields": [
          {
            "format": "default",
            "name": "spike-train-index",
            "type": "integer"
          },
          {
            "format": "default",
            "name": "name",
            "type": "string"
          },
          {
            "format": "default",
            "name": "epos-x",
            "type": "any"
          },
          {
            "format": "default",
            "name": "epos-y",
            "type": "any"
          },
          {
            "format": "default",
            "name": "sCount",
            "type": "any"
          }
        ],
        "missingValues": [
          ""
        ]
      }
    }
  ]
}