{
    "profile": "tabular-data-package",
    "resources": [
        {
            "path": "data\\170927_D20_2540_CHAN13.csv",
            "profile": "tabular-data-resource",
            "name": "170927_D20_2540_CHAN13",
            "format": "csv",
            "mediatype": "text/csv",
            "encoding": "utf-8",
            "schema": {
                "fields": [
                    {
                        "name": "time",
                        "type": "number",
                        "format": "default"
                    },
                    {
                        "name": "voltage",
                        "type": "number",
                        "format": "default"
                    },
                    {
                        "name": "unit",
                        "type": "integer",
                        "format": "default"
                    }
                ],
                "missingValues": [
                    ""
                ]
            }
        },
        {
            "path": "data\\170927_D20_2540_CHAN14.csv",
            "profile": "tabular-data-resource",
            "name": "170927_D20_2540_CHAN14",
            "format": "csv",
            "mediatype": "text/csv",
            "encoding": "utf-8",
            "schema": {
                "fields": [
                    {
                        "name": "time",
                        "type": "number",
                        "format": "default"
                    },
                    {
                        "name": "voltage",
                        "type": "number",
                        "format": "default"
                    },
                    {
                        "name": "unit",
                        "type": "integer",
                        "format": "default"
                    }
                ],
                "missingValues": [
                    ""
                ]
            }
        },
        {
            "path": "data\\170927_D20_2540_CHAN37.csv",
            "profile": "tabular-data-resource",
            "name": "170927_D20_2540_CHAN37",
            "format": "csv",
            "mediatype": "text/csv",
            "encoding": "utf-8",
            "schema": {
                "fields": [
                    {
                        "name": "time",
                        "type": "number",
                        "format": "default"
                    },
                    {
                        "name": "voltage",
                        "type": "number",
                        "format": "default"
                    },
                    {
                        "name": "unit",
                        "type": "integer",
                        "format": "default"
                    }
                ],
                "missingValues": [
                    ""
                ]
            }
        },
        {
            "path": "data\\170927_D20_2540_CHAN48.csv",
            "profile": "tabular-data-resource",
            "name": "170927_D20_2540_CHAN48",
            "format": "csv",
            "mediatype": "text/csv",
            "encoding": "utf-8",
            "schema": {
                "fields": [
                    {
                        "name": "time",
                        "type": "number",
                        "format": "default"
                    },
                    {
                        "name": "voltage",
                        "type": "number",
                        "format": "default"
                    },
                    {
                        "name": "unit",
                        "type": "integer",
                        "format": "default"
                    }
                ],
                "missingValues": [
                    ""
                ]
            }
        },
        {
            "path": "data\\170927_D20_2540_CHAN51.csv",
            "profile": "tabular-data-resource",
            "name": "170927_D20_2540_CHAN51",
            "format": "csv",
            "mediatype": "text/csv",
            "encoding": "utf-8",
            "schema": {
                "fields": [
                    {
                        "name": "time",
                        "type": "number",
                        "format": "default"
                    },
                    {
                        "name": "voltage",
                        "type": "number",
                        "format": "default"
                    },
                    {
                        "name": "unit",
                        "type": "integer",
                        "format": "default"
                    }
                ],
                "missingValues": [
                    ""
                ]
            }
        },
        {
            "path": "data\\170927_D20_2540_CHAN73.csv",
            "profile": "tabular-data-resource",
            "name": "170927_D20_2540_CHAN73",
            "format": "csv",
            "mediatype": "text/csv",
            "encoding": "utf-8",
            "schema": {
                "fields": [
                    {
                        "name": "time",
                        "type": "number",
                        "format": "default"
                    },
                    {
                        "name": "voltage",
                        "type": "number",
                        "format": "default"
                    },
                    {
                        "name": "unit",
                        "type": "integer",
                        "format": "default"
                    }
                ],
                "missingValues": [
                    ""
                ]
            }
        },
        {
            "path": "data\\170927_D20_2540_CHAN75.csv",
            "profile": "tabular-data-resource",
            "name": "170927_D20_2540_CHAN75",
            "format": "csv",
            "mediatype": "text/csv",
            "encoding": "utf-8",
            "schema": {
                "fields": [
                    {
                        "name": "time",
                        "type": "number",
                        "format": "default"
                    },
                    {
                        "name": "voltage",
                        "type": "number",
                        "format": "default"
                    },
                    {
                        "name": "unit",
                        "type": "integer",
                        "format": "default"
                    }
                ],
                "missingValues": [
                    ""
                ]
            }
        }
    ]
}